time,text,user,fav_n,rt_n,total_fav_rt,text_preview
Thu Dec 28 16:11:50 +0000 2017,New post on using #keras &amp; #python to detect the character Fox in Super Smash Bros gameplay.  Thanks to @VGBootCampâ€¦ https://t.co/rpHqBE4YuY,ASpannbauer,23,4,27,New post on using #k...
Sun Dec 24 22:38:43 +0000 2017,"New festive post on how to use #rstats, @spacy_io, &amp; #visNetwork to plot 'Santa Claus is Coming to Town'â€¦ https://t.co/0isoseqg5H",ASpannbauer,21,9,30,New festive post on ...
Sun Dec 17 21:44:09 +0000 2017,"New blog post to announce release of lexRankr 0.5.0:
Automatic text summarization in R: recreating the popular reddâ€¦ https://t.co/AsJAfpYXho",ASpannbauer,2,2,4,New blog post to ann...
Thu Dec 14 14:49:54 +0000 2017,@plotlygraphs @SuthinBelle Credit to @xangregg for the chart type idea (thanks to @pofigster for pointing out he is on Twitter),ASpannbauer,1,0,1,@plotlygraphs @Suthi...
Thu Dec 14 14:22:43 +0000 2017,Quick #rstats package for creating packed bar charts using @plotlygraphs. Inspired by @SuthinBelle (chart type intrâ€¦ https://t.co/2bG8wv1JN2,ASpannbauer,12,9,21,Quick #rstats packag...
Wed Dec 13 18:53:19 +0000 2017,@agaved @hadleywickham @drob Not intended to enhance understanding; was made while brainstorming a graphic for a viâ€¦ https://t.co/R1ZvgQCY1f,ASpannbauer,2,0,2,@agaved @hadleywickh...
Wed Dec 13 16:26:30 +0000 2017,Playing around with idea of making animated 'growing' barcharts in #rstats using @hadleywickham's #ggplot2 &amp; @drob'â€¦ https://t.co/93Z6Eeuj5p,ASpannbauer,55,5,60,Playing around with ...
Wed Oct 25 17:19:25 +0000 2017,@Davemonlol im sorry it took me so long. ive been really busy or something,ASpannbauer,0,0,0,@Davemonlol im sorry...
Tue Oct 17 12:39:28 +0000 2017,I just completed @PyImageSearch gurus.  It was a fun learning experience.  Thanks to Adrian for putting it together https://t.co/vmCoHgADSD,ASpannbauer,2,0,2,I just completed @Py...
Sun Oct 08 21:42:23 +0000 2017,fox detector in action w/some @TheBigHouseSSB footage from crews of @spotdodge_shine  &amp; @PG_Plup on @VGBootCampâ€¦ https://t.co/2DHcDcbRIL,ASpannbauer,9,7,16,fox detector in acti...
Fri Sep 01 00:46:24 +0000 2017,"not perfect but i made a beer motion tracker with the help of @PyImageSearch , #python , &amp; #opencv ğŸºğŸºğŸº https://t.co/lcMgfKJEgx",ASpannbauer,25,3,28,not perfect but i ma...
Fri Jul 07 19:55:26 +0000 2017,@smashgg @toph_bbq @bobbyscar @JHOW275,ASpannbauer,1,0,1,@smashgg @toph_bbq @...
Thu Jun 15 02:16:35 +0000 2017,played around with #gganimate &amp; #rstats to plot fcc banned words per hour in @Twitch chat during #smashsummit 2017â€¦ https://t.co/pdnNP7plyY,ASpannbauer,5,1,6,played around with #...
Sun May 21 13:43:09 +0000 2017,@McNuggets_SSBM @sleepike yo do you have the source images for the stages? would love to use em for minimal desktop wallpaper,ASpannbauer,1,0,1,@McNuggets_SSBM @sle...
Thu Apr 13 12:55:05 +0000 2017,my github repo got starred twice by people i don't know (https://t.co/boZRvTi53x) https://t.co/bHcL62txZ5,ASpannbauer,8,0,8,my github repo got s...
Mon Apr 10 02:51:30 +0000 2017,"( formatting on the tutorial could be better, but  Â¯\_(ãƒ„)_/Â¯ )",ASpannbauer,1,0,1,( formatting on the ...
Mon Apr 10 02:50:11 +0000 2017,Ever wanted to make a FB chat bot? Make one using #awslambda &amp; #Python from a tutorial written by an #rstats user https://t.co/An34OtsuBK,ASpannbauer,9,8,17,Ever wanted to make ...
Mon Apr 03 12:02:04 +0000 2017,"app includes @rstudio regex cheatsheet &amp; base #rstats docs on regex to help out while testing

also screenshots:â€¦ https://t.co/YIOSiDwSgY",ASpannbauer,2,1,3,app includes @rstudi...
Mon Apr 03 11:32:32 +0000 2017,I wrote an app for testing regex in #rstats. R guys &amp; gals: pls check it out &amp; let me know if you â¤ it or see any ğŸ›s https://t.co/TgJLX2yTgE,ASpannbauer,4,4,8,I wrote an app for t...
Sat Apr 01 17:43:01 +0000 2017,new stickers for the laptop from @ThePracticalDev https://t.co/c3foDV9031,ASpannbauer,0,0,0,new stickers for the...
Sun Mar 26 10:58:23 +0000 2017,"I transformed my resume into an interactive plot with @plotlygraphs &amp; #rstats

plot: https://t.co/SiodSVftJp
r codeâ€¦ https://t.co/pKLImzXEx6",ASpannbauer,55,13,68,I transformed my res...
Tue Mar 14 17:16:30 +0000 2017,"full writeup of lexRankr + twitter analysis: https://t.co/HNBiUtNXvc

lexRankr github repo: https://t.co/UCN7EUXDz0",ASpannbauer,0,0,0,full writeup of lexR...
Tue Mar 14 17:13:50 +0000 2017,Find a user's most representative tweets using #tidyverse &amp; new lexRankr functions designed after #tidytext byâ€¦ https://t.co/ISwykXbopL,ASpannbauer,0,1,1,Find a user's most r...
Mon Mar 13 10:00:53 +0000 2017,@destinyfan21 I recorded it using Irssi (an IRC client).  A csv of the chat log used can be found on my github: https://t.co/cKk8VicDQn,ASpannbauer,3,0,3,@destinyfan21 I reco...
Mon Mar 13 09:56:46 +0000 2017,@010010110000110 @LiquidHbox @TSM_Leffen Plotly.  An interactive version and the R code I used can be found here: https://t.co/Y2yEeceeAH,ASpannbauer,2,0,2,@010010110000110 @Li...
Mon Mar 13 02:35:24 +0000 2017,@BeyondTheSummit @toph_bbq @bobbyscar @C9Mang0,ASpannbauer,0,0,0,@BeyondTheSummit @to...
Mon Mar 13 02:22:05 +0000 2017,Most NSFW minute in #smashsummit chat: @LiquidHbox taking game 5 of LF over @TSM_Leffen with 2 quick rests.  Chat'sâ€¦ https://t.co/xGCad4NRtc,ASpannbauer,295,56,351,Most NSFW minute in ...
Mon Mar 06 17:45:03 +0000 2017,Quick look at predicting set win using slippi stats at #smashsummit Minimizing opens perkill proving importantâ€¦ https://t.co/6hpJM2SlRi,ASpannbauer,10,0,10,Quick look at predic...
Mon Mar 06 05:02:42 +0000 2017,@HumanVenipede that spike is for ice choosing sheik game 5 against axe,ASpannbauer,2,0,2,@HumanVenipede that ...
Mon Mar 06 04:54:51 +0000 2017,Today's top PogChamp moment in #smashsummit chat:  @ssbmhax reveals the falcon box @BeyondTheSummit @toph_bbqâ€¦ https://t.co/lECJulhent,ASpannbauer,12,3,15,Today's top PogChamp...
Sun Mar 05 18:11:39 +0000 2017,@MVG_Mew2King @ChuDatzzz,ASpannbauer,0,0,0,@MVG_Mew2King @ChuDa...
Sun Mar 05 18:05:53 +0000 2017,Analyzing emotes in twitch chat during #smashsummit @bobbyscar @toph_bbq @BeyondTheSummit  Most PogChamp moment: M2â€¦ https://t.co/hV0INbBs5Z,ASpannbauer,160,20,180,Analyzing emotes in ...
Wed Mar 01 14:33:00 +0000 2017,@Cole_VLS you can start studying it now too. Never too late to learn some new ish,ASpannbauer,3,0,3,@Cole_VLS you can st...
Wed Feb 08 13:07:33 +0000 2017,The perk of being sick and working from home @RCatLadies https://t.co/iQ6XLYhflt,ASpannbauer,4,0,4,The perk of being si...
Sun Jan 15 12:18:24 +0000 2017,@sggiRelyK just filed the paperwork to make it happen. Lauren lost her old twitter btw. New one is @bonkers4tonkers,ASpannbauer,2,0,2,@sggiRelyK just file...
Sat Jan 14 17:40:25 +0000 2017,"Trump Doesnt like Mondays.
@juliasilge &amp; @old_man_chester inspired me @ #rstudioconf to play w/ #tidytext &amp; 538 datâ€¦ https://t.co/fS28bcxzJv",ASpannbauer,18,14,32,Trump Doesnt like Mo...
Fri Jan 13 20:27:08 +0000 2017,Best parts of #rstudioconf weekend so far: (1)I now have 92% code coverage on my #rstats package lexRankr thanks toâ€¦ https://t.co/BKMphGkuzf,ASpannbauer,4,1,5,Best parts of #rstud...
Thu Jan 12 16:36:37 +0000 2017,Using @hadleywickham 's #testhat for the first time while on the flight to #rstudioconf Really excited for the conference #rstats,ASpannbauer,3,0,3,Using @hadleywickham...
Sat Nov 12 00:07:31 +0000 2016,@ReverendAK https://t.co/s8qDnZtIH5,ASpannbauer,0,1,1,@ReverendAK https://...
Thu Nov 03 18:02:09 +0000 2016,I just registered for ETSU-Con 2017 https://t.co/wNYDR5iwNd #ETSUCon2017 via @smashgg,ASpannbauer,3,1,4,I just registered fo...
Wed Oct 26 11:49:55 +0000 2016,"@sggiRelyK all personal and business inquiries should go through my agents, tonks and jasper",ASpannbauer,3,0,3,@sggiRelyK all perso...
Wed Oct 26 00:45:12 +0000 2016,To my 1 follower who knows what this means: I rewrote lexRankr's slow part with Rcpp so its 30% faster(0.3.0 on CRAN)https://t.co/UCN7EUXDz0,ASpannbauer,3,1,4,To my 1 follower who...
Sat Oct 15 07:17:17 +0000 2016,@ReverendAK I don't believe you for 1 frame,ASpannbauer,2,0,2,@ReverendAK I don't ...
Tue Sep 27 16:44:44 +0000 2016,2nd version of my #rstats package lexRankr (text summarization) is on CRAN! An example with the candidates' tweets @ https://t.co/OCYL1iTwge,ASpannbauer,5,3,8,2nd version of my #r...
Sun Jul 17 03:01:16 +0000 2016,@ReverendAK https://t.co/oz1a7HB31z,ASpannbauer,0,1,1,@ReverendAK https://...
Tue Jun 28 23:18:57 +0000 2016,@bea_side get https://t.co/TNCrbVaXNK ğŸ¤“,ASpannbauer,1,0,1,@bea_side get https:...
Tue Jun 21 10:02:15 +0000 2016,@Cole_VLS https://t.co/RnETGVCfA8,ASpannbauer,3,0,3,@Cole_VLS https://t....
Mon Jun 20 12:00:29 +0000 2016,@mharp91 we live in a world where @sggiRelyK is up at 7:12am,ASpannbauer,3,0,3,@mharp91 we live in ...
Tue Jun 14 23:37:28 +0000 2016,@MauiWowE nah,ASpannbauer,0,0,0,@MauiWowE nah...
Sat Jun 11 14:40:21 +0000 2016,@Cole_VLS pics,ASpannbauer,3,0,3,@Cole_VLS pics...
Thu Jun 09 18:33:39 +0000 2016,@sggiRelyK they gon' learn today,ASpannbauer,1,0,1,@sggiRelyK they gon'...
Fri May 27 16:42:51 +0000 2016,@NoliTruck makes good food @ReverendAK https://t.co/5UMiewwLFO,ASpannbauer,3,3,6,@NoliTruck makes goo...
Wed May 11 00:33:24 +0000 2016,@sarahalmurray @sggiRelyK @bea_side @blazing_aj i love bad bitches,ASpannbauer,0,1,1,@sarahalmurray @sggi...
Sat Apr 30 15:26:10 +0000 2016,@ReverendAK cause,ASpannbauer,0,0,0,@ReverendAK cause...
Wed Apr 20 15:11:13 +0000 2016,@mharp91 https://t.co/oLmFi6ZMqw,ASpannbauer,0,0,0,@mharp91 https://t.c...
Mon Apr 18 17:38:21 +0000 2016,@Cole_VLS @ssbmhax https://t.co/TnX7uCvXZ7,ASpannbauer,7,0,7,@Cole_VLS @ssbmhax h...
Fri Apr 15 16:22:30 +0000 2016,@Cole_VLS https://t.co/jvae5obIC7,ASpannbauer,1,0,1,@Cole_VLS https://t....
Mon Mar 07 13:49:30 +0000 2016,I've dated @LaurenWard08 for 5 years #thinkitsgettingserious https://t.co/RQlJb0AP4b,ASpannbauer,11,1,12,I've dated @LaurenWa...
Sun Jan 17 17:42:41 +0000 2016,Chillin with the homies today #G3 https://t.co/Erhg3NdNA5,ASpannbauer,4,0,4,Chillin with the hom...
Sat Dec 12 15:25:53 +0000 2015,@LaurenWard08 @KCyaBye  https://t.co/nMEQYOktBj,ASpannbauer,2,0,2,@LaurenWard08 @KCyaB...
Tue Dec 08 17:57:03 +0000 2015,About to take my last final of grad school https://t.co/Z7oePPoBhE,ASpannbauer,7,0,7,About to take my las...
Mon Dec 07 01:10:44 +0000 2015,@dozark1 you mad bro? https://t.co/c9QWLYiFzc,ASpannbauer,2,0,2,@dozark1 you mad bro...
Mon Nov 23 16:56:17 +0000 2015,@syodes19 @Alexis92Nicole it was a lot of work to get two hams back to my desk #HamDay #BestDay https://t.co/zXQlsM8lOw,ASpannbauer,2,0,2,@syodes19 @Alexis92N...
Mon Nov 23 15:43:00 +0000 2015,At work.... Thinking about Mario,ASpannbauer,3,0,3,At work.... Thinking...
Tue Nov 10 12:44:57 +0000 2015,My life be like...,ASpannbauer,2,0,2,My life be like......
Thu Nov 05 13:34:22 +0000 2015,https://t.co/N81zxnmyjr,ASpannbauer,3,3,6,https://t.co/N81zxnm...
Mon Nov 02 00:00:08 +0000 2015,@mharp91 @seanBrahh https://t.co/07e4SCNrG0,ASpannbauer,2,0,2,@mharp91 @seanBrahh ...
Thu Oct 29 19:38:07 +0000 2015,I get to go see these 2 women today ğŸ˜¬ https://t.co/k7bMVFxnhk,ASpannbauer,4,0,4,I get to go see thes...
Thu Oct 15 20:28:07 +0000 2015,@Cole_VLS @mharp91 @Deckness_Styles @sggiRelyK http://t.co/n8KyKOE8cq,ASpannbauer,2,0,2,@Cole_VLS @mharp91 @...
Wed Sep 16 00:44:41 +0000 2015,@FatGoku64  https://t.co/xw0xG1oYH7,ASpannbauer,3,0,3,@FatGoku64  https://...
Sat Sep 12 18:51:04 +0000 2015,ğŸŠğŸŠğŸŠğŸŠğŸŠğŸŠğŸŠğŸŠğŸŠğŸŠ http://t.co/nnPXxzqtY7,ASpannbauer,3,0,3,ğŸŠğŸŠğŸŠğŸŠğŸŠğŸŠğŸŠğŸŠğŸŠğŸŠ http://t....
Sat Sep 12 14:31:27 +0000 2015,ğŸŠ,ASpannbauer,1,0,1,ğŸŠ...
Mon Sep 07 17:20:01 +0000 2015,Current mood: http://t.co/hlfKa9Kwz3,ASpannbauer,5,1,6,Current mood: http:/...
Thu Aug 06 01:27:46 +0000 2015,@Cole_VLS http://t.co/wfo3yM0v5r,ASpannbauer,2,0,2,@Cole_VLS http://t.c...
Wed Jul 29 17:31:06 +0000 2015,@tbrackett29 http://t.co/HxteyfocUw,ASpannbauer,1,0,1,@tbrackett29 http://...
Wed Jul 29 16:51:19 +0000 2015,"I have a recurring dream of me and Jesus, playing Earthworm Jim for Sega Genesis",ASpannbauer,4,0,4,I have a recurring d...
Sun Jul 05 02:50:28 +0000 2015,@Hoodway http://t.co/CBe3fe5cIU,ASpannbauer,1,0,1,@Hoodway http://t.co...
Sat Jul 04 20:09:38 +0000 2015,American af http://t.co/uZG1T56MVA,ASpannbauer,5,0,5,American af http://t...
Wed Jun 24 16:15:09 +0000 2015,@Cole_VLS @mharp91 @Deckness_Styles  https://t.co/MhiLtZvxZ9,ASpannbauer,4,0,4,@Cole_VLS @mharp91 @...
Thu Jun 18 10:45:47 +0000 2015,"Current mood 
http://t.co/lQ47pLlgJv",ASpannbauer,1,0,1,"Current mood 
http:/..."
Mon Jun 01 23:28:38 +0000 2015,"""Flacko how ya been?""",ASpannbauer,1,0,1,"""Flacko how ya been?..."
Wed May 13 13:32:13 +0000 2015,Picnic day with @LaurenWard08 and @.Tonks!! â˜€ï¸ğŸ•,ASpannbauer,3,0,3,Picnic day with @Lau...
Mon May 11 17:34:23 +0000 2015,@tafokints is there public access to the data set where you getting these numbers? Would love to play around with the data if possible,ASpannbauer,1,0,1,@tafokints is there ...
Sat May 02 15:39:46 +0000 2015,@Cole_VLS HELLO!,ASpannbauer,1,0,1,@Cole_VLS HELLO!...
Sun Apr 26 15:12:25 +0000 2015,@seanBrahh http://t.co/vQz7PJr96H,ASpannbauer,2,0,2,@seanBrahh http://t....
Sun Apr 26 15:08:21 +0000 2015,@seanBrahh is definitely #ToughEnough to take on the WWE https://t.co/3gvETrcfUV,ASpannbauer,2,2,4,@seanBrahh is defini...
Fri Apr 24 21:55:20 +0000 2015,@mharp91 come work on mine http://t.co/cxya7JLlbc,ASpannbauer,1,0,1,@mharp91 come work o...
Fri Apr 24 21:33:31 +0000 2015,@mharp91 me,ASpannbauer,1,0,1,@mharp91 me...
Thu Apr 02 17:31:45 +0000 2015,@mdthornbury #livetopoll #polltolive,ASpannbauer,2,0,2,@mdthornbury #liveto...
Thu Apr 02 14:58:44 +0000 2015,Important: http://t.co/vOuWAZKaS3,ASpannbauer,2,0,2,Important: http://t....
Sat Feb 07 01:00:37 +0000 2015,@LaurenWard08 #govols,ASpannbauer,1,0,1,@LaurenWard08 #govol...
Tue Jan 13 01:45:42 +0000 2015,@EvilMrWizard #ssbm,ASpannbauer,1,0,1,@EvilMrWizard #ssbm...
Thu Dec 25 17:54:03 +0000 2014,@Cole_VLS Kappa,ASpannbauer,1,0,1,@Cole_VLS Kappa...
Thu Dec 25 17:28:45 +0000 2014,@Cole_VLS you mad? http://t.co/kkESCbZWvM,ASpannbauer,1,0,1,@Cole_VLS you mad? h...
Sun Dec 07 18:01:34 +0000 2014,Tutor trap game too strong ğŸ˜ğŸ’µ,ASpannbauer,1,0,1,Tutor trap game too ...
Thu Oct 16 11:46:32 +0000 2014,I ğŸ’› Teamshare,ASpannbauer,2,0,2,I ğŸ’› Teamshare...
Sun Oct 12 13:26:42 +0000 2014,"""Live every week like it's Shark Week""",ASpannbauer,1,0,1,"""Live every week lik..."
Sun Oct 12 02:28:28 +0000 2014,I want my tuna sandwhich @bfisch8,ASpannbauer,1,0,1,I want my tuna sandw...
Mon Oct 06 11:35:34 +0000 2014,@BeccaConder @BradAPrice http://t.co/l6hWzsO0j5,ASpannbauer,3,1,4,@BeccaConder @BradAP...
Sun Oct 05 12:17:54 +0000 2014,Getting a blank laptop today. Time to start rebuilding my iTunes library,ASpannbauer,1,0,1,Getting a blank lapt...
Sat Sep 20 18:44:12 +0000 2014,Listened to every @KidCudi album today. Dig the progression from flow to vibe and MOTM2 definitely still my fave album of all time,ASpannbauer,1,0,1,Listened to every @K...
Sat Sep 13 13:40:30 +0000 2014,"""Love is taking a dive; then gettin really comfortable and peein the pool"" #BoBurnham",ASpannbauer,4,0,4,"""Love is taking a di..."
Sat Sep 06 10:49:26 +0000 2014,Not been flipped off yet #goodday,ASpannbauer,3,0,3,Not been flipped off...
Fri Sep 05 10:47:45 +0000 2014,Been awake for less than 15 minutes and I've already been given the bird by a stranger,ASpannbauer,4,0,4,Been awake for less ...
Sat Aug 30 12:10:14 +0000 2014,NP: The Underachievers,ASpannbauer,1,0,1,NP: The Underachieve...
Sat Aug 23 13:50:03 +0000 2014,"""Something's wrong when you regret things that haven't happened yet.""",ASpannbauer,1,0,1,"""Something's wrong w..."
Fri Aug 08 15:59:37 +0000 2014,@Cole_VLS @Brian_VLS #assman,ASpannbauer,2,0,2,@Cole_VLS @Brian_VLS...
Tue Jul 22 19:52:46 +0000 2014,"Ladies and gentlemen, this is boombox @syodes19 @scottiejohn",ASpannbauer,3,1,4,Ladies and gentlemen...
Wed Jul 16 11:43:21 +0000 2014,Gonna need some #SSBM today @sggiRelyK @Cole_VLS @mharp91 @Brian_VLS,ASpannbauer,4,0,4,Gonna need some #SSB...
Sun Jul 13 18:41:45 +0000 2014,ğŸ‡©ğŸ‡ªğŸ‡©ğŸ‡ªğŸ‡©ğŸ‡ªğŸ‡©ğŸ‡ªğŸ‡©ğŸ‡ªğŸ‡©ğŸ‡ªğŸ‡©ğŸ‡ªğŸ‡©ğŸ‡ªğŸ‡©ğŸ‡ªğŸ‡©ğŸ‡ªğŸ‡©ğŸ‡ª http://t.co/cO3IalgyMN,ASpannbauer,2,0,2,ğŸ‡©ğŸ‡ªğŸ‡©ğŸ‡ªğŸ‡©ğŸ‡ªğŸ‡©ğŸ‡ªğŸ‡©ğŸ‡ªğŸ‡©ğŸ‡ªğŸ‡©ğŸ‡ªğŸ‡©ğŸ‡ªğŸ‡©ğŸ‡ªğŸ‡©ğŸ‡ª...
Wed Jul 09 21:42:16 +0000 2014,"Let's go
ğŸ”µğŸ”µğŸ”µğŸ”µğŸ”µ
         ğŸŒ
ğŸ”µğŸ”µğŸ”µğŸ”µğŸ”µ
#NEDARG",ASpannbauer,5,0,5,"Let's go
ğŸ”µğŸ”µğŸ”µğŸ”µğŸ”µ
     ..."
Wed Jul 09 19:45:11 +0000 2014,@Cole_VLS http://t.co/cpAgpEtReW,ASpannbauer,2,0,2,@Cole_VLS http://t.c...
Tue Jul 08 20:25:17 +0000 2014,ğŸ‡©ğŸ‡ªğŸ‡©ğŸ‡ªğŸ‡©ğŸ‡ªğŸ‡©ğŸ‡ªğŸ‡©ğŸ‡ª,ASpannbauer,2,0,2,ğŸ‡©ğŸ‡ªğŸ‡©ğŸ‡ªğŸ‡©ğŸ‡ªğŸ‡©ğŸ‡ªğŸ‡©ğŸ‡ª...
Sun Jul 06 21:17:47 +0000 2014,So I drove a golf ball farther than @mharp91 today #finallymadeit,ASpannbauer,3,0,3,So I drove a golf ba...
Fri Jun 27 20:32:24 +0000 2014,"â”â”â”â”â”“â”â”â”“
â”ƒ  O O  â”ƒâ”ƒæ›°â”ƒ
â”ƒ  /ï¿£\  â”ƒ â”ƒ : â”ƒ
â”—â”³â”â”³.   â”ƒ : â”ƒ
    â”»â”â”»    â”»â”â”»ï¼¼  
â”â”â”â”â”â”â”â”â”“ï¼‰
â”ƒå£å£å£å£å£å£å£â”ƒ  
â”ƒ å£å£å£å£ å£å£ â”ƒ  
â”—â”â”â”â”â”â”â”â”›  @DinoKrista",ASpannbauer,3,0,3,"â”â”â”â”â”“â”â”â”“
â”ƒ  O O  â”ƒâ”ƒæ›°..."
Sun Jun 22 15:52:03 +0000 2014,#I #IBelieve #IBelieveThat #IBelieveThatWe #IBelieveThatWeWill #IBelieveThatWeWillWin #IBelieveThatWeWillWin #IBelieveThatWeWillWin,ASpannbauer,1,2,3,#I #IBelieve #IBelie...
Tue Jun 17 14:12:38 +0000 2014,@seanBrahh http://t.co/xuVyYUTnDe,ASpannbauer,2,0,2,@seanBrahh http://t....
Mon Jun 16 16:11:27 +0000 2014,Penalty!!,ASpannbauer,2,0,2,Penalty!!...
Sat Jun 14 02:47:40 +0000 2014,@mharp91 I miss when you just played video games and didn't do anything in real life....,ASpannbauer,4,0,4,@mharp91 I miss when...
Fri Jun 13 20:52:07 +0000 2014,"First thought when Robben was flying on that break.....""I bet @dozark1 could beat Arjen in a 40""",ASpannbauer,5,0,5,First thought when R...
Tue Jun 10 23:08:27 +0000 2014,#smashhype,ASpannbauer,1,0,1,#smashhype...
Sat May 31 20:23:54 +0000 2014,@ENVYControllers @CLASHTournament #SKTAR3 #Envy,ASpannbauer,1,0,1,@ENVYControllers @CL...
Fri May 30 23:24:54 +0000 2014,Merry Xmas @mharp91 #ice http://t.co/NXP3dCfaLw,ASpannbauer,3,0,3,Merry Xmas @mharp91 ...
Fri May 30 16:37:56 +0000 2014,@ENVYControllers @CLASHTournament #SKTAR3 #Envy,ASpannbauer,1,0,1,@ENVYControllers @CL...
Wed May 14 13:13:53 +0000 2014,Shoutouts to @LaurenWard08 for finishing college (and also for just bein awesome in general) #funfact #itsnationaldancelikeachickenday,ASpannbauer,5,1,6,Shoutouts to @Lauren...
Tue May 13 01:34:10 +0000 2014,Is it possible to write a 12 page research paper on octopus psychology in an afternoon? #Yes #11.5RoundsUp,ASpannbauer,3,0,3,Is it possible to wr...
Mon May 12 13:13:57 +0000 2014,My motivation to study: ğŸ“‰,ASpannbauer,5,1,6,My motivation to stu...
Mon May 12 12:16:09 +0000 2014,@LaurenWard08 someone is procrastinating on twitter.....,ASpannbauer,2,0,2,@LaurenWard08 someon...
Wed Apr 30 13:23:39 +0000 2014,Stoop Kid's afraid to leave his stoop!,ASpannbauer,2,1,3,Stoop Kid's afraid t...
Mon Apr 28 13:52:16 +0000 2014,Giving a group presentation in 8 min....haven't met with my group yet though,ASpannbauer,3,0,3,Giving a group prese...
Wed Apr 02 15:38:31 +0000 2014,@mharp91 Judy &gt; Dorothy Mantooth,ASpannbauer,3,0,3,@mharp91 Judy &gt; D...
Wed Apr 02 12:35:06 +0000 2014,My socks are almost always the first part of my outfit I pick out,ASpannbauer,2,0,2,My socks are almost ...
Mon Mar 31 04:24:24 +0000 2014,@DinoKrista HC 781,ASpannbauer,0,0,0,@DinoKrista HC 781...
Tue Mar 18 14:21:43 +0000 2014,"A coworker walked up, gave me an Arcanine card, said he raised it himself and to use him against my boss, then walked off #gottacatchemall",ASpannbauer,5,0,5,A coworker walked up...
Sun Mar 09 19:57:51 +0000 2014,Luigi &gt; 20XX #abate #RoM7,ASpannbauer,4,0,4,Luigi &gt; 20XX #aba...
Sat Mar 01 17:49:07 +0000 2014,http://t.co/l8mPsUMSMq @progducto,ASpannbauer,0,0,0,http://t.co/l8mPsUMS...
Sat Feb 22 13:51:02 +0000 2014,S/O to DJ Stutter (#smoothlikebutter) and Project Poor #NoGravity @mharp91 @seanBrahh,ASpannbauer,2,0,2,S/O to DJ Stutter (#...
Mon Feb 17 16:00:19 +0000 2014,I'm gonna be a Vol next year,ASpannbauer,8,0,8,I'm gonna be a Vol n...
Fri Feb 14 15:05:03 +0000 2014,My Valentine's Day gift mug &gt; your Valentine's Day gift http://t.co/wnNT2rkPTk,ASpannbauer,1,0,1,My Valentine's Day g...
Sat Feb 08 05:54:28 +0000 2014,Woo,ASpannbauer,3,2,5,Woo...
Fri Feb 07 18:19:55 +0000 2014,In case y'all didn't know what awesome looked like #noitsnottooearly http://t.co/9OHpP1w8wO,ASpannbauer,1,0,1,In case y'all didn't...
Fri Feb 07 16:05:00 +0000 2014,Bday gift from @LaurenWard08 can't wait to fill it up (then empty it over and over) http://t.co/fyurZpnZHw,ASpannbauer,6,0,6,Bday gift from @Laur...
Sat Feb 01 15:56:57 +0000 2014,Just listened to good kid m.A.A.d. city straight through... #whichalbumnext,ASpannbauer,1,0,1,Just listened to goo...
Sat Feb 01 03:35:57 +0000 2014,Love that I can't get written up right now #shewhomustnotbenamed,ASpannbauer,2,0,2,Love that I can't ge...
Thu Jan 30 14:05:06 +0000 2014,#thesis http://t.co/lzewwW2gOA,ASpannbauer,1,0,1,#thesis http://t.co/...
Mon Jan 27 21:56:17 +0000 2014,Can significantly predict your affinity towards herion #thesis,ASpannbauer,2,0,2,Can significantly pr...
Sun Jan 26 06:32:20 +0000 2014,This guy loves melee but is cravin some 64 ssb,ASpannbauer,2,0,2,This guy loves melee...
Thu Jan 23 15:12:01 +0000 2014,Group projects remind me why I don't like 90% of the population,ASpannbauer,2,1,3,Group projects remin...
Thu Jan 23 01:54:08 +0000 2014,I just don't care anymore,ASpannbauer,2,0,2,I just don't care an...
Tue Jan 21 14:51:58 +0000 2014,My head can't decide if I have FÃ¼r Elise or the SSBM intro song stuck in it,ASpannbauer,2,0,2,My head can't decide...
Mon Jan 20 05:24:30 +0000 2014,NP: Brain Cells by @chancetherapper #10Day,ASpannbauer,2,0,2,NP: Brain Cells by @...
Fri Jan 10 14:20:22 +0000 2014,I work here http://t.co/cZOusNSpC6,ASpannbauer,3,0,3,I work here http://t...
Thu Jan 09 12:37:43 +0000 2014,Teamshare is at least 2.4 times better than Christmas,ASpannbauer,2,0,2,Teamshare is at leas...
Wed Jan 08 16:00:03 +0000 2014,@DinoKrista I've missed some excitement the past 2 days,ASpannbauer,0,0,0,@DinoKrista I've mis...
Sat Jan 04 15:38:45 +0000 2014,Gettin hyped for #alldaydate2014 con mi coriÃ±o @LaurenWard08,ASpannbauer,1,1,2,Gettin hyped for #al...
Tue Dec 31 19:36:51 +0000 2013,@_mharp I'll be there in 2 hrs,ASpannbauer,1,0,1,@_mharp I'll be ther...
Mon Dec 30 04:14:18 +0000 2013,My fantasy team is better than the one @dozark1 coached #leaguechamp,ASpannbauer,0,0,0,My fantasy team is b...
Sun Dec 29 11:53:55 +0000 2013,So I just woke up after what was gonna be a short after work nap...14 and a half hours later #4:30-7,ASpannbauer,4,0,4,So I just woke up af...
Sat Dec 28 01:24:38 +0000 2013,@dozark1 get my ticket for a bday gift and I'm so in,ASpannbauer,0,0,0,@dozark1 get my tick...
Fri Dec 27 15:05:15 +0000 2013,Get your play-doh game up http://t.co/zQqlsozKPl,ASpannbauer,3,0,3,Get your play-doh ga...
Mon Dec 23 15:59:38 +0000 2013,@ActionBronson knows how to get the ladies going http://t.co/oyPqxZ8W9y @dozark1 #evenfakehipsdontlie,ASpannbauer,1,0,1,@ActionBronson knows...
Mon Dec 16 22:02:11 +0000 2013,My watch is getting in the Xmas spirit #MJW http://t.co/oT6hj0VoBx,ASpannbauer,0,0,0,My watch is getting ...
Sun Dec 15 18:26:09 +0000 2013,In the kitchen like @ActionBronson #macandcheese,ASpannbauer,0,0,0,In the kitchen like ...
Thu Dec 12 19:06:16 +0000 2013,@dozark1 then why are they open for me? ğŸ˜•,ASpannbauer,1,0,1,@dozark1 then why ar...
Thu Dec 12 14:40:18 +0000 2013,@DinoKrista even graduated cylinders are empty until they find their purpose! Then they are filled up #earlymorningpunphilosophy,ASpannbauer,1,0,1,@DinoKrista even gra...
Tue Dec 10 15:53:48 +0000 2013,Only OGs recognize this @Deckness @_mharp @Johnsonla12 @Cole_BFK http://t.co/bVKiFMvapO,ASpannbauer,2,0,2,Only OGs recognize t...
Tue Dec 10 04:22:19 +0000 2013,"""@chancetherapper: New song with Vic Mensa. This is #Gotenks http://t.co/m9xyHOJGIC #suitcase"" @Deckness",ASpannbauer,0,0,0,"""@chancetherapper: N..."
Mon Dec 02 15:18:52 +0000 2013,"If a midget ever tells you, ""I'm not happy."" Ask them, ""then which one are you?""",ASpannbauer,2,2,4,If a midget ever tel...
Sat Nov 30 16:58:50 +0000 2013,Just in case you're one of the few not following already...Everyone needs to see every tweet from @DinoKrista,ASpannbauer,0,0,0,Just in case you're ...
Sat Nov 30 16:49:57 +0000 2013,Been listening to @ActionBronson all week #actiondiet #lowcarb,ASpannbauer,0,0,0,Been listening to @A...
Fri Nov 29 20:26:33 +0000 2013,Trying to decide if my best friend is @LaurenWard08 or Margo....,ASpannbauer,3,0,3,Trying to decide if ...
Thu Nov 28 17:16:16 +0000 2013,Can't wait to see pictures of everyone's food #instaturkey #thankstagram,ASpannbauer,0,0,0,Can't wait to see pi...
Fri Nov 22 21:58:02 +0000 2013,Please say the rapper; police say cadaver @chancetherapper #hegotthe #JUICE,ASpannbauer,1,0,1,Please say the rappe...
Fri Nov 15 01:19:42 +0000 2013,If Richardson gets out scored by Donald Brown tonight in fantasy then I'll trade him for a well baked cookie,ASpannbauer,0,0,0,If Richardson gets o...
Wed Nov 06 17:07:48 +0000 2013,Keep thinkin about SSBM @Deckness @Cole_BFK @imperphect_,ASpannbauer,2,0,2,Keep thinkin about S...
Sat Nov 02 02:11:34 +0000 2013,Who would win in a fight between @ducidni and @chancetherapper ?,ASpannbauer,1,0,1,Who would win in a f...
Sat Nov 02 00:36:47 +0000 2013,@_mharp only if it's okayed by the big dawg....aka @LaurenWard08,ASpannbauer,0,0,0,@_mharp only if it's...
Sat Nov 02 00:29:30 +0000 2013,Miss my ticked eyebrow @_mharp @imperphect_,ASpannbauer,0,0,0,Miss my ticked eyebr...
Fri Nov 01 14:46:04 +0000 2013,Realized MOTM2 is my favorite album ever @ducidni #rage,ASpannbauer,0,0,0,Realized MOTM2 is my...
Fri Nov 01 12:37:58 +0000 2013,Happy birfday to my favoritest person #allgrownup #happenssofast #feeling22 #tswiftknows @LaurenWard08 http://t.co/SARvtQgQyo,ASpannbauer,1,0,1,Happy birfday to my ...
Wed Oct 30 05:20:27 +0000 2013,"Lean all on the square, that's a fuccin a rhombus",ASpannbauer,0,0,0,Lean all on the squa...
Tue Oct 29 15:02:03 +0000 2013,You should ask a snake where his legs go #tweakin #chano,ASpannbauer,0,0,0,You should ask a sna...
Thu Oct 24 13:10:43 +0000 2013,Hope my jones soda bottle cap is right. Honesty has gotten me into trouble this year http://t.co/taLrVibnfe,ASpannbauer,2,0,2,Hope my jones soda b...
Thu Oct 24 00:43:21 +0000 2013,Between me and my roomie we have over 200 DVDs. The only 2 I own are Pineapple Express and Space Jam,ASpannbauer,2,0,2,Between me and my ro...
Mon Oct 21 22:11:00 +0000 2013,If you don't know how to drive on a roundabout then I literally hate you,ASpannbauer,0,0,0,If you don't know ho...
Mon Oct 21 16:05:59 +0000 2013,@dozark1 only for you big boy,ASpannbauer,2,0,2,@dozark1 only for yo...
Mon Oct 21 13:03:46 +0000 2013,Monday morning inspiration for y'all http://t.co/AYwhx3J3CY,ASpannbauer,1,0,1,Monday morning inspi...
Sun Oct 20 19:22:04 +0000 2013,@dozark1 #tradingforgimps,ASpannbauer,0,0,0,@dozark1 #tradingfor...
Sun Oct 20 07:57:57 +0000 2013,"Make money, but the money you make don't make you",ASpannbauer,1,2,3,"Make money, but the ..."
Mon Oct 14 13:06:28 +0000 2013,Being sick is stupid,ASpannbauer,0,0,0,Being sick is stupid...
Sun Oct 13 15:13:53 +0000 2013,Eating #JUICE for breakfast #gameday,ASpannbauer,0,0,0,Eating #JUICE for br...
Sat Oct 12 00:13:32 +0000 2013,Depressing fortune cookie http://t.co/oksrwaLKQY,ASpannbauer,1,0,1,Depressing fortune c...
Wed Oct 09 04:12:41 +0000 2013,@dozark1 sweet twitter name #queer,ASpannbauer,2,0,2,@dozark1 sweet twitt...
Sat Oct 05 15:03:45 +0000 2013,XXYYXX,ASpannbauer,0,0,0,XXYYXX...
Sat Oct 05 00:46:24 +0000 2013,@Hoodway false,ASpannbauer,0,0,0,@Hoodway false...
Thu Sep 19 03:08:51 +0000 2013,@dozark1 come and get it ğŸ˜,ASpannbauer,0,0,0,@dozark1 come and ge...
Mon Sep 16 12:00:21 +0000 2013,#sick,ASpannbauer,0,0,0,#sick...
Sat Sep 14 12:54:29 +0000 2013,@dozark1 can't stop thinkin about those WLPMs #mmmmmmmm,ASpannbauer,1,0,1,@dozark1 can't stop ...
Fri Sep 06 14:57:16 +0000 2013,Love seeing that power M gettin painted at the field #gamedayeve,ASpannbauer,4,0,4,Love seeing that pow...
Fri Sep 06 01:34:48 +0000 2013,Coach Boone knows what's up #iremember,ASpannbauer,0,0,0,Coach Boone knows wh...
Thu Sep 05 13:16:27 +0000 2013,@ducidni:Here are ALL the dates again just in case some folks missed it http://t.co/Ycj9ciwMBt @Hoodway @tbrackett29 @Deckness @imperphect_,ASpannbauer,0,0,0,@ducidni:Here are AL...
Tue Sep 03 13:22:25 +0000 2013,Still wondering why there isn't a redbox on campus....,ASpannbauer,1,0,1,Still wondering why ...
Mon Sep 02 00:05:05 +0000 2013,#badass http://t.co/IoR5RLFhJx,ASpannbauer,0,0,0,#badass http://t.co/...
Sat Aug 31 00:11:37 +0000 2013,10 goals for #mcscots opening day! And a solid belting of STAAANNNDD FFREEEEE for ya boi @scottiejohn,ASpannbauer,4,4,8,10 goals for #mcscot...
Fri Aug 30 15:11:53 +0000 2013,"ğŸŠ      ğŸŠ
 ğŸŠ    ğŸŠ 
  ğŸŠ  ğŸŠ
   ğŸŠğŸŠ
     ğŸŠ

      ğŸˆ
 ğŸˆ     ğŸˆ
ğŸˆ      ğŸˆ
ğŸˆ      ğŸˆ
     ğŸˆ

ğŸŠ
ğŸŠ
ğŸŠ
ğŸŠ
ğŸŠğŸŠğŸŠğŸŠ

   ğŸˆğŸˆğŸˆ
 ğŸˆ
 ğŸˆğŸˆğŸˆ
           ğŸˆ
ğŸˆğŸˆğŸˆ",ASpannbauer,1,2,3,"ğŸŠ      ğŸŠ
 ğŸŠ    ğŸŠ 
  ..."
Wed Aug 28 12:01:00 +0000 2013,Found an doodle from way back today http://t.co/nFTOgvMw71,ASpannbauer,0,0,0,Found an doodle from...
Thu Aug 15 12:47:26 +0000 2013,@scottiejohn keep calm and soccer on #KCCO http://t.co/b2UlbhFHL1,ASpannbauer,0,0,0,@scottiejohn keep ca...
Fri Aug 09 23:41:03 +0000 2013,@Cole_BFK ............no,ASpannbauer,1,0,1,@Cole_BFK .............
Fri Aug 09 16:12:48 +0000 2013,@lydiafuson21 http://t.co/pnjaKNxUSD,ASpannbauer,0,0,0,@lydiafuson21 http:/...
Wed Aug 07 22:36:37 +0000 2013,Cut my apple shaving #getit?,ASpannbauer,2,0,2,Cut my apple shaving...
Fri Jul 26 22:53:41 +0000 2013,"""@UberFacts: Ancient Greeks believed that redheads would turn into vampires after they died."" @milagrobigelow #TimGiftCullen",ASpannbauer,0,0,0,"""@UberFacts: Ancient..."
Fri Jul 26 22:02:36 +0000 2013,@Deckness @_mharp @Cole_BFK @TaylorSBozarth @Johnsonla12 go hard boys,ASpannbauer,1,0,1,@Deckness @_mharp @C...
Wed Jul 24 22:31:06 +0000 2013,@lydiafuson21 it was though...,ASpannbauer,0,0,0,@lydiafuson21 it was...
Tue Jul 23 01:05:56 +0000 2013,Love being able to listen to music without static in the car thanks to @LaurenWard08 #goodsurprise,ASpannbauer,2,0,2,Love being able to l...
Sat Jul 20 17:34:22 +0000 2013,@Alexis92Nicole forreal???,ASpannbauer,0,0,0,@Alexis92Nicole forr...
Sat Jul 20 15:12:57 +0000 2013,So who is trying to get margaritas today #DifferentGravy,ASpannbauer,0,0,0,So who is trying to ...
Fri Jul 19 11:09:53 +0000 2013,I've slept for over 16 of the past 24 hours... #Zzzzzz,ASpannbauer,1,0,1,I've slept for over ...
Thu Jul 18 01:35:38 +0000 2013,@milagrobigelow #studyup #keepup,ASpannbauer,0,0,0,@milagrobigelow #stu...
Wed Jul 17 21:56:50 +0000 2013,"Listening to @joelvp2 shred and wondering why #avyntra doesn't have a twitter account, obviously #NoRandD",ASpannbauer,1,0,1,Listening to @joelvp...
Sat Jul 13 16:29:32 +0000 2013,@LaurenWard08 geeeeezzzz #copycat,ASpannbauer,0,0,0,@LaurenWard08 geeeee...
Sat Jul 13 13:58:09 +0000 2013,@Alexis92Nicole #TrendSetter,ASpannbauer,0,0,0,@Alexis92Nicole #Tre...
Sat Jul 13 13:17:00 +0000 2013,Np: Dying Love by Sacred #tweetlike@Alexis92Nicole,ASpannbauer,0,0,0,Np: Dying Love by Sa...
Fri Jul 12 22:57:51 +0000 2013,@Cole_BFK kinda....,ASpannbauer,1,0,1,@Cole_BFK kinda.......
Fri Jul 12 21:31:04 +0000 2013,So I drew today... http://t.co/xBVkkmJL1Z,ASpannbauer,1,1,2,So I drew today... h...
Fri Jul 05 16:28:56 +0000 2013,@milagrobigelow #nofilter,ASpannbauer,1,0,1,@milagrobigelow #nof...
Thu Jul 04 11:28:08 +0000 2013,I think of so many things to tweet that never make it... Does a tweet's life begin at conception? #serialtweetbortions,ASpannbauer,2,0,2,I think of so many t...
Wed Jul 03 13:52:56 +0000 2013,Shout out to @LaurenWard08 for being awesome and a good gift giver,ASpannbauer,1,0,1,Shout out to @Lauren...
Wed Jul 03 11:06:32 +0000 2013,Is it nap time yet?,ASpannbauer,0,0,0,Is it nap time yet?...
Sun Jun 30 23:36:31 +0000 2013,Gotta love Spain's effort when they're down for a change #soft,ASpannbauer,1,0,1,Gotta love Spain's e...
Fri Jun 28 23:40:41 +0000 2013,Dunkin Donuts parking lot could be the chillest place in Maryville,ASpannbauer,0,0,0,Dunkin Donuts parkin...
Fri Jun 28 22:13:33 +0000 2013,So mom has graduated to feeding the dog with a fork,ASpannbauer,1,0,1,So mom has graduated...
Thu Jun 27 15:36:11 +0000 2013,Funny how what I just sewed back together and what I'm about to study are the same material...#boyfriendmaterial,ASpannbauer,0,0,0,Funny how what I jus...
Mon Jun 24 03:35:00 +0000 2013,Nothing more precious than the smile of a hobo when you give him the 50Â¢ he needs to buy a forty to split hit his hobo buddy @Cole_BFK,ASpannbauer,2,0,2,Nothing more preciou...
Sun Jun 23 17:39:01 +0000 2013,this is water #capitalTtruth,ASpannbauer,0,0,0,this is water #capit...
Sat Jun 22 23:40:01 +0000 2013,Pregaming in the Hyundai for a wedding reception &gt;&gt;,ASpannbauer,0,0,0,Pregaming in the Hyu...
Sat Jun 22 18:44:29 +0000 2013,@Deckness prove it,ASpannbauer,0,0,0,@Deckness prove it...
Fri Jun 21 16:54:03 +0000 2013,Just finally unpacked my shit from moving out of the dorms #abouttimetopackbackup,ASpannbauer,0,0,0,Just finally unpacke...
Wed Jun 19 19:42:02 +0000 2013,Sweet sale belk http://t.co/zdfhOIgtxx,ASpannbauer,0,0,0,Sweet sale belk http...
Wed Jun 19 11:27:45 +0000 2013,@KCWard1 kill it kace! (and others too I guess) #bringhomethebacon,ASpannbauer,0,0,0,@KCWard1 kill it kac...
Thu Jun 13 23:52:57 +0000 2013,@Deckness @Cole_BFK shine on,ASpannbauer,1,0,1,@Deckness @Cole_BFK ...
Thu Jun 13 15:38:57 +0000 2013,About to teach @BradAPrice how to play basketball,ASpannbauer,1,0,1,About to teach @Brad...
Thu Jun 13 15:29:10 +0000 2013,"@Alexis92Nicole you spelled ""shit"" wrong",ASpannbauer,0,0,0,@Alexis92Nicole you ...
Mon Jun 10 03:03:19 +0000 2013,"""Can't deny the shine of a Jedi"" who knew cudi was a ssb guy @Deckness @Cole_BFK @imperphect_",ASpannbauer,1,0,1,"""Can't deny the shin..."
Fri Jun 07 19:37:54 +0000 2013,@Fluxpavilion concert tonight! Finna go off @Deckness,ASpannbauer,1,0,1,@Fluxpavilion concer...
Wed May 29 23:01:43 +0000 2013,@LaurenWard08 unfavorite...,ASpannbauer,0,0,0,@LaurenWard08 unfavo...
Wed May 29 21:39:02 +0000 2013,So who's turn is it to invite me to a party? #seriously,ASpannbauer,1,0,1,So who's turn is it ...
Tue May 28 17:57:01 +0000 2013,@EwinPers #jealous,ASpannbauer,1,0,1,@EwinPers #jealous...
Fri May 24 19:07:15 +0000 2013,Gonna be a good day http://t.co/hsOCLVP3Kq,ASpannbauer,1,1,2,Gonna be a good day ...
Thu May 23 15:31:47 +0000 2013,The result of my second swing of the summer... http://t.co/pSCk0tTPaS,ASpannbauer,0,0,0,The result of my sec...
Tue May 21 17:32:50 +0000 2013,Tired of losing arm wrestling matches to @LaurenWard08 so I'm startin to work out #gettinghardcore,ASpannbauer,3,1,4,Tired of losing arm ...
Sun May 19 23:47:09 +0000 2013,Graduation is boring..... http://t.co/x4D7eLPD0K,ASpannbauer,1,0,1,Graduation is boring...
Sun May 19 06:56:54 +0000 2013,Being 3rd in line at a gas station at 3am... #maryvillegoinghard,ASpannbauer,2,0,2,Being 3rd in line at...
Sat May 18 15:03:37 +0000 2013,"RIP
ğŸ’ªğŸ˜¬ğŸ‘
       I
      /\ 
@LaurenWard08",ASpannbauer,1,0,1,"RIP
ğŸ’ªğŸ˜¬ğŸ‘
       I
   ..."
Tue May 14 16:59:35 +0000 2013,@Alexis92Nicole how did i let you down?,ASpannbauer,2,0,2,@Alexis92Nicole how ...
Tue May 14 04:36:05 +0000 2013,#blackpearl #notapirate,ASpannbauer,0,0,0,#blackpearl #notapir...
Sat May 11 13:19:52 +0000 2013,Jammin entering apps to #ownthesummer @mattjdixon,ASpannbauer,0,0,0,Jammin entering apps...
Sat May 11 03:31:11 +0000 2013,Shotski not @Deckness weak style,ASpannbauer,0,0,0,Shotski not @Decknes...
Fri May 10 13:25:06 +0000 2013,Part of a balanced nreakfast http://t.co/1aPPLHovid,ASpannbauer,1,0,1,Part of a balanced n...
Mon May 06 21:40:15 +0000 2013,@natty_deck @Deckness open bar?,ASpannbauer,1,0,1,@natty_deck @Decknes...
Wed May 01 20:55:29 +0000 2013,Happy BDay to Papa Spann &amp; Momma Joan! #supposedtobeflickering https://t.co/ckdk29cDHn,ASpannbauer,0,0,0,Happy BDay to Papa S...
Sun Apr 28 20:34:12 +0000 2013,Get to twitch.tv\rapidplaygamers and watch @Deckness in semis of smash commentary by @_mharp and @Cole_BFK,ASpannbauer,2,1,3,Get to twitch.tv\rap...
Sun Apr 28 18:22:43 +0000 2013,twitch.tv\rapidplaygamers,ASpannbauer,1,1,2,twitch.tv\rapidplayg...
Sun Apr 28 03:57:09 +0000 2013,@Alexis92Nicole #stophating,ASpannbauer,0,0,0,@Alexis92Nicole #sto...
Sun Apr 28 03:45:25 +0000 2013,@jpbraxton22 ridin around &amp; gettin it,ASpannbauer,1,0,1,@jpbraxton22 ridin a...
Sun Apr 28 03:38:51 +0000 2013,@jpbraxton22 riding around no exit doors,ASpannbauer,1,0,1,@jpbraxton22 riding ...
Sun Apr 28 03:19:19 +0000 2013,#nowplaying @TheSquirrelSkin,ASpannbauer,0,1,1,#nowplaying @TheSqui...
Sun Apr 28 01:36:24 +0000 2013,Nash. Smash. Rash. #imeanrage,ASpannbauer,0,0,0,Nash. Smash. Rash. #...
Sat Apr 27 03:50:19 +0000 2013,https://t.co/8yj9iky0eO,ASpannbauer,0,0,0,https://t.co/8yj9iky...
Fri Apr 26 19:00:34 +0000 2013,"@scottiejohn ""The comradery  was palpable; team spirit was soaring on the wings of bird goals""",ASpannbauer,1,0,1,"@scottiejohn ""The co..."
Fri Apr 26 17:04:52 +0000 2013,You don't know will power until you have to stop midstream #survivor,ASpannbauer,0,1,1,You don't know will ...
Wed Apr 24 13:33:35 +0000 2013,@ducidni got Mad Solar on repeat in my head #lovinit,ASpannbauer,0,0,0,@ducidni got Mad Sol...
Wed Apr 24 13:20:50 +0000 2013,@scottiejohn dnt use the letter O in dnt,ASpannbauer,0,0,0,@scottiejohn dnt use...
Tue Apr 23 23:15:39 +0000 2013,Can't touch my sock game #swagarooni http://t.co/wsBPBIygOL,ASpannbauer,0,0,0,Can't touch my sock ...
Tue Apr 23 16:38:25 +0000 2013,Blanked on a question for my math test today and decided to write a proof for why I deserve to get 8 bonus points #hopeful,ASpannbauer,1,0,1,Blanked on a questio...
Mon Apr 22 16:07:39 +0000 2013,@hannah_rector ill be sure to keep up the good work! #presumptuous,ASpannbauer,1,0,1,@hannah_rector ill b...
Sat Apr 20 13:25:47 +0000 2013,So I shaved I Nike swoosh into my neck beard before heading to work today... http://t.co/PSZVMUBBlc,ASpannbauer,1,0,1,So I shaved I Nike s...
Wed Apr 17 22:02:24 +0000 2013,@ducidni keep the music coming! #unfuckwittable albums http://t.co/qkbD4SrVM9,ASpannbauer,0,0,0,@ducidni keep the mu...
Wed Apr 17 17:55:24 +0000 2013,Goodie bag day in my human sexuality class!! Wooooo,ASpannbauer,1,0,1,Goodie bag day in my...
Tue Apr 16 14:26:56 +0000 2013,@_mharp http://t.co/ccnbeBG7AM,ASpannbauer,2,1,3,@_mharp http://t.co/...
Mon Apr 15 13:42:56 +0000 2013,Just got told by a rando coworker that my beard was creeping him out #timetoshave,ASpannbauer,1,0,1,Just got told by a r...
Mon Apr 15 01:16:42 +0000 2013,"@scottiejohn â€œTis my opinion every man cheats in his own way, and he is only honest who is not discoveredâ€",ASpannbauer,0,0,0,@scottiejohn â€œTis my...
Mon Apr 15 01:03:04 +0000 2013,Chillin watching food network #bolted,ASpannbauer,0,0,0,Chillin watching foo...
Sat Apr 13 00:26:00 +0000 2013,#toomanydrinkvines https://t.co/Cey6q8u3Rq,ASpannbauer,0,0,0,#toomanydrinkvines h...
Fri Apr 12 12:35:44 +0000 2013,Where I work...  the president is the guy going hardest http://t.co/tKaP43xfcv,ASpannbauer,0,0,0,Where I work...  the...
Thu Apr 11 18:39:39 +0000 2013,@Deckness @natty_deck #ANaturalLight,ASpannbauer,1,0,1,@Deckness @natty_dec...
Thu Apr 11 01:09:56 +0000 2013,#burnbabyburn,ASpannbauer,0,0,0,#burnbabyburn...
Tue Apr 09 23:17:12 +0000 2013,Praise to the lord of the sad and lonely! @ducidni Indicud is the shit,ASpannbauer,1,0,1,Praise to the lord o...
Mon Apr 08 16:21:08 +0000 2013,@lizzsimmons @monicabezz false,ASpannbauer,0,0,0,@lizzsimmons @monica...
Sun Apr 07 16:45:53 +0000 2013,#bdubs https://t.co/yoSAEEs0px,ASpannbauer,0,0,0,#bdubs https://t.co/...
Sun Apr 07 16:38:26 +0000 2013,Happy @LaurenWard08 Day everyone!,ASpannbauer,0,0,0,Happy @LaurenWard08 ...
Sun Apr 07 15:00:13 +0000 2013,Soccer tennis! #join-in,ASpannbauer,0,0,0,Soccer tennis! #join...
Fri Apr 05 21:36:05 +0000 2013,@scottiejohn get some touches in man #LetsGooooo,ASpannbauer,0,0,0,@scottiejohn get som...
Fri Apr 05 21:30:24 +0000 2013,@scottiejohn kick one around? Mon I #yolonola,ASpannbauer,1,0,1,@scottiejohn kick on...
Tue Apr 02 11:41:27 +0000 2013,Early morning grind blaring @ducidni new single Girls #preorder #magic #april23,ASpannbauer,0,0,0,Early morning grind ...
Tue Apr 02 03:07:02 +0000 2013,Testing out my designer skills on an MC tank #gucciaintgotnothin http://t.co/uYEJ8kX6b7,ASpannbauer,0,2,2,Testing out my desig...
Mon Apr 01 01:54:57 +0000 2013,Ready for another dose of the dopeness #indicud #april23 @ducidni,ASpannbauer,0,0,0,Ready for another do...
Mon Apr 01 01:04:51 +0000 2013,Thesis #thingsthatcansuckit,ASpannbauer,1,0,1,Thesis #thingsthatca...
Sun Mar 31 01:30:09 +0000 2013,SSX #gettricky #gettrippy,ASpannbauer,1,0,1,SSX #gettricky #gett...
Fri Mar 29 11:36:19 +0000 2013,#frontporchbreakfastblend,ASpannbauer,0,0,0,#frontporchbreakfast...
Wed Mar 27 20:17:52 +0000 2013,First day of spring 11s #LetsGooooo #scots,ASpannbauer,0,0,0,First day of spring ...
Wed Mar 27 12:11:51 +0000 2013,Working on #goodfriday,ASpannbauer,0,0,0,Working on #goodfrid...
Tue Mar 26 00:57:37 +0000 2013,@LaurenWard08 #yabish,ASpannbauer,1,0,1,@LaurenWard08 #yabis...
Mon Mar 25 13:27:45 +0000 2013,Definitely did not miss waking up for work #eyeshalfopen,ASpannbauer,0,0,0,Definitely did not m...
Sun Mar 24 14:56:32 +0000 2013,@syodes19 @scottiejohn do you like lettuce?,ASpannbauer,0,0,0,@syodes19 @scottiejo...
Sat Mar 23 15:11:32 +0000 2013,"Just listened to MOTM and MOTM2 straight through, ready for @ducidni to drop the third!! #indicud",ASpannbauer,0,0,0,Just listened to MOT...
Fri Mar 22 23:19:40 +0000 2013,http://t.co/HijCTWRpAr,ASpannbauer,2,0,2,http://t.co/HijCTWRp...
Fri Mar 22 20:34:40 +0000 2013,Mystical ish #malaga http://t.co/WPdw3HVXcz,ASpannbauer,1,0,1,Mystical ish #malaga...
Fri Mar 22 17:08:52 +0000 2013,Kicked out of #malaga,ASpannbauer,1,1,2,Kicked out of #malag...
Wed Mar 20 08:17:54 +0000 2013,http://t.co/5attzzn4yX,ASpannbauer,1,0,1,http://t.co/5attzzn4...
Wed Mar 20 06:16:58 +0000 2013,Sweatin again,ASpannbauer,1,0,1,Sweatin again...
Wed Mar 20 02:59:45 +0000 2013,@pheebs22leo @louisvuitton954 I was thinking the same,ASpannbauer,0,1,1,@pheebs22leo @louisv...
Wed Mar 20 00:29:44 +0000 2013,I'm sweatin @Deckness,ASpannbauer,1,0,1,I'm sweatin @Decknes...
Tue Mar 19 23:32:44 +0000 2013,Welcome to the new age,ASpannbauer,2,0,2,Welcome to the new a...
Tue Mar 19 03:42:34 +0000 2013,You only YOLO once. Yoyo,ASpannbauer,0,0,0,You only YOLO once. ...
Tue Mar 19 03:18:16 +0000 2013,@Alexis92Nicole you wish,ASpannbauer,0,0,0,@Alexis92Nicole you ...
Tue Mar 19 02:55:13 +0000 2013,@Alexis92Nicole bull,ASpannbauer,0,0,0,@Alexis92Nicole bull...
Mon Mar 18 23:43:40 +0000 2013,David stern ain't got bothing,ASpannbauer,0,0,0,David stern ain't go...
Mon Mar 18 19:36:30 +0000 2013,Ledge http://t.co/uYgx5ZjRkN,ASpannbauer,1,0,1,Ledge http://t.co/uY...
Mon Mar 18 18:15:29 +0000 2013,how do you know you know if you don't know,ASpannbauer,1,0,1,how do you know you ...
Mon Mar 18 05:45:35 +0000 2013,@Hoodway bitches,ASpannbauer,0,0,0,@Hoodway bitches...
Mon Mar 18 01:45:24 +0000 2013,Strippas @therealjuicyj,ASpannbauer,1,0,1,Strippas @therealjui...
Sun Mar 17 22:59:06 +0000 2013,Gambling son http://t.co/1dNKT9T3tf,ASpannbauer,1,0,1,Gambling son http://...
Sun Mar 17 16:41:39 +0000 2013,@Alexis92Nicole quit embarrassing me in front of my friends!,ASpannbauer,1,0,1,@Alexis92Nicole quit...
Sun Mar 17 16:32:21 +0000 2013,Back to business #withthehomies,ASpannbauer,0,0,0,Back to business #wi...
Sun Mar 17 15:42:06 +0000 2013,@Ashley2howarth @alexis92nicole weak!,ASpannbauer,0,0,0,@Ashley2howarth @ale...
Sat Mar 16 20:06:58 +0000 2013,No one like big Gert #SpringBreakWhip,ASpannbauer,1,0,1,No one like big Gert...
Sat Mar 16 17:36:33 +0000 2013,"Usually I'm a sober soul, but shit, I'm with the homies #SpringBreakWhip",ASpannbauer,1,0,1,Usually I'm a sober ...
Fri Mar 15 19:49:14 +0000 2013,"Bringing 3 pairs of shoes on spring break, and 2 pair are sperrys #tfm",ASpannbauer,0,0,0,Bringing 3 pairs of ...
Fri Mar 15 18:55:34 +0000 2013,#sb2k13,ASpannbauer,1,0,1,#sb2k13...
Wed Mar 13 12:55:49 +0000 2013,"3 hours of work, 3 classes, 1 test, 2 days #SBcountdown",ASpannbauer,0,0,0,"3 hours of work, 3 c..."
Mon Mar 11 11:28:43 +0000 2013,Early morning grind #upandatem,ASpannbauer,0,0,0,Early morning grind ...
Sun Mar 10 17:13:33 +0000 2013,#DADS,ASpannbauer,2,0,2,#DADS...
Thu Mar 07 19:58:41 +0000 2013,"3 tests, a lab report, and 6hrs of math homework later...done with school work. Time to celebrate anniversary with @LaurenWard08 #2years",ASpannbauer,1,0,1,"3 tests, a lab repor..."
Thu Mar 07 15:38:29 +0000 2013,Light at the end of the tunnel in sight,ASpannbauer,1,0,1,Light at the end of ...
Wed Mar 06 12:14:31 +0000 2013,Waking up to snow covered campus twice in 5 days.... #SpringBreak coming soon,ASpannbauer,0,0,0,Waking up to snow co...
Mon Mar 04 13:15:56 +0000 2013,http://t.co/VKhW6PTeyi,ASpannbauer,0,0,0,http://t.co/VKhW6PTe...
Mon Mar 04 13:15:15 +0000 2013,Very tempting to go down and see @ducidni and @kendricklamar,ASpannbauer,0,0,0,Very tempting to go ...
Sun Mar 03 05:17:05 +0000 2013,Turnt,ASpannbauer,0,0,0,Turnt...
Thu Feb 28 15:42:31 +0000 2013,Surprise Starbucks in the morning from @LaurenWard08 not a latte more I can ask for #GotHeem,ASpannbauer,2,0,2,Surprise Starbucks i...
Sun Feb 24 22:27:42 +0000 2013,Casa de Los Casanovas #1110,ASpannbauer,0,0,0,Casa de Los Casanova...
Sun Feb 24 07:17:52 +0000 2013,#turnt,ASpannbauer,0,0,0,#turnt...
Mon Feb 18 15:18:41 +0000 2013,New board for a competition at work #ssb http://t.co/zYQhFBVo,ASpannbauer,0,0,0,New board for a comp...
Sat Feb 16 05:30:22 +0000 2013,@joelvp2  http://t.co/ZfnPFlOE,ASpannbauer,0,0,0,@joelvp2  http://t.c...
Fri Feb 15 01:29:29 +0000 2013,Wish I could hibernate after a day like this #damnluckybears,ASpannbauer,0,0,0,Wish I could hiberna...
Mon Feb 11 14:14:20 +0000 2013,Way too tired #napday,ASpannbauer,0,0,0,Way too tired #napda...
Thu Feb 07 20:21:58 +0000 2013,Celebrating the bday @ducidni style tonight #dennishookmeup http://t.co/rP0v36BF,ASpannbauer,0,0,0,Celebrating the bday...
Sun Feb 03 07:52:23 +0000 2013,I know such a great girl ( @LaurenWard08 ) sorry @Alexis92Nicole super close segundo,ASpannbauer,1,2,3,I know such a great ...
Fri Feb 01 14:48:12 +0000 2013,5days 14hours 11minutes,ASpannbauer,2,0,2,5days 14hours 11minu...
Wed Jan 30 22:42:57 +0000 2013,happy birthday @ducidni,ASpannbauer,0,0,0,happy birthday @duci...
Tue Jan 29 01:41:54 +0000 2013,#solodolo #hedwig,ASpannbauer,3,0,3,#solodolo #hedwig...
Wed Jan 09 18:18:17 +0000 2013,Best delivery girl ever @LaurenWard08,ASpannbauer,0,0,0,Best delivery girl e...
Wed Jan 09 06:13:21 +0000 2013,If ya ain't going hard then why ya going at all,ASpannbauer,0,0,0,If ya ain't going ha...
Wed Jan 09 00:47:58 +0000 2013,@Alexis92Nicole just living the dream #hatersgonnahate,ASpannbauer,0,0,0,@Alexis92Nicole just...
Tue Jan 08 20:43:54 +0000 2013,Boring day at work #bringinghomethebacon,ASpannbauer,0,0,0,Boring day at work #...
Sun Jan 06 20:51:16 +0000 2013,#homesweethome,ASpannbauer,0,0,0,#homesweethome...
Sun Jan 06 16:39:26 +0000 2013,Ready for jterm #mchammered,ASpannbauer,1,0,1,Ready for jterm #mch...
Tue Jan 01 21:22:16 +0000 2013,#SoloDolo @ducidni,ASpannbauer,1,0,1,#SoloDolo @ducidni...
Wed Oct 31 01:59:25 +0000 2012,Making grades..Making dollars...Making memories @joelvp2,ASpannbauer,0,0,0,Making grades..Makin...
Thu Oct 25 22:24:38 +0000 2012,@Deckness @ColeHood1 @_mharp I'd be in for sure on Friday #3g,ASpannbauer,1,0,1,@Deckness @ColeHood1...
Thu Oct 25 06:43:54 +0000 2012,@tbrackett29 for sureee,ASpannbauer,0,0,0,@tbrackett29 for sur...
Sun Oct 07 17:46:31 +0000 2012,@Deckness like the pic my man,ASpannbauer,0,0,0,@Deckness like the p...
Sun Oct 07 00:57:26 +0000 2012,#winning,ASpannbauer,0,0,0,#winning...
Fri Oct 05 13:21:33 +0000 2012,One day to the mansion #hamtime,ASpannbauer,0,1,1,One day to the mansi...
Thu Oct 04 03:13:33 +0000 2012,@seanBrahh when you start philosophizing?,ASpannbauer,0,0,0,@seanBrahh when you ...
Mon Oct 01 02:01:54 +0000 2012,I hate losing...especially like that,ASpannbauer,1,0,1,I hate losing...espe...
Sun Sep 30 17:55:33 +0000 2012,Gooaaaaallllll!! @LaurenWard08,ASpannbauer,1,0,1,Gooaaaaallllll!! @La...
Sun Sep 30 14:24:42 +0000 2012,Game day #Scots,ASpannbauer,0,0,0,Game day #Scots...
Sat Sep 29 19:13:04 +0000 2012,@Deckness word...game at three,ASpannbauer,0,0,0,@Deckness word...gam...
Sat Sep 29 17:03:14 +0000 2012,@Deckness come support your boy tm on the field...then we can celebrate the victory afterwards with @Hoodway and @tbrackett29,ASpannbauer,0,1,1,@Deckness come suppo...
Sat Sep 29 12:31:53 +0000 2012,Good luck today Scots! Wish I could be there to cheer y'all on...ps score for me @LaurenWard08 !,ASpannbauer,1,1,2,Good luck today Scot...
Wed Aug 15 13:47:19 +0000 2012,DOLLYWOOD! @LaurenWard08,ASpannbauer,0,0,0,DOLLYWOOD! @LaurenWa...
Mon Jul 30 13:56:46 +0000 2012,@linz_kar @Deckness haha wish I was there not I got ditched some how....,ASpannbauer,0,0,0,@linz_kar @Deckness ...
Sun Jul 29 05:18:33 +0000 2012,@Deckness should definitely regret bit making it here,ASpannbauer,0,0,0,@Deckness should def...
Sat Jul 28 17:53:03 +0000 2012,@Deckness you trying to start shit?,ASpannbauer,0,0,0,@Deckness you trying...
Fri Jul 27 00:22:39 +0000 2012,Bro moment @KingLouisXVI954,ASpannbauer,0,1,1,Bro moment @KingLoui...
Wed Jul 25 18:03:26 +0000 2012,@LaurenWard08 #feelgood,ASpannbauer,0,0,0,@LaurenWard08 #feelg...
Sun Jul 22 19:58:46 +0000 2012,@LaurenWard08 but still rocking the sweats,ASpannbauer,0,0,0,@LaurenWard08 but st...
Sun Jul 22 19:58:05 +0000 2012,@Deckness and ham time on the lake before...I'm taking off work,ASpannbauer,0,0,0,@Deckness and ham ti...
Sat Jul 21 04:12:40 +0000 2012,Kville from up high #hedwigs http://t.co/cHmoL6rr,ASpannbauer,0,0,0,Kville from up high ...
Mon Jul 16 18:17:53 +0000 2012,Ready to throw down @syodes19,ASpannbauer,0,0,0,Ready to throw down ...
Thu Jul 12 00:34:52 +0000 2012,Three way tie on the course with @Deckness and @_mharp,ASpannbauer,0,0,0,Three way tie on the...
Sun Jul 08 23:53:44 +0000 2012,With them wanna be #hedwigs #macanddev,ASpannbauer,0,0,0,With them wanna be #...
Fri Jul 06 21:35:52 +0000 2012,Honey I'm home!,ASpannbauer,0,0,0,Honey I'm home!...
Thu Jul 05 02:27:38 +0000 2012,#hedwigs,ASpannbauer,0,0,0,#hedwigs...
Tue Jul 03 12:52:04 +0000 2012,Happy early fourth http://t.co/zGZAAZQP,ASpannbauer,0,0,0,Happy early fourth h...
Tue Jul 03 00:08:57 +0000 2012,Turns out that iPods aren't dish washer safe...,ASpannbauer,0,0,0,Turns out that iPods...
Mon Jul 02 02:43:09 +0000 2012,Ratchet pool side wit @Deckness @CarsonColin,ASpannbauer,0,0,0,Ratchet pool side wi...
Sat Jun 30 15:25:19 +0000 2012,@LaurenWard08 Rock the docks tonight!,ASpannbauer,0,1,1,@LaurenWard08 Rock t...
Fri Jun 29 02:15:40 +0000 2012,Happy birthday @CarsonColin have a crazy night,ASpannbauer,0,0,0,Happy birthday @Cars...
Fri Jun 22 18:53:52 +0000 2012,Let's go DFB,ASpannbauer,0,0,0,Let's go DFB...
Wed Jun 20 18:09:16 +0000 2012,Bout to be out on the links with the boys after a chill day,ASpannbauer,0,0,0,Bout to be out on th...
Mon Jun 18 01:27:44 +0000 2012,@Alexis92Nicole haters gon hate,ASpannbauer,0,0,0,@Alexis92Nicole hate...
Sun Jun 17 22:42:05 +0000 2012,@LaurenWard08 my peanut butter needs jelly,ASpannbauer,1,0,1,@LaurenWard08 my pea...
